Tank,Temperature,Group,SampleID,FileName
1,30,mangrove_reef,11,1mangrove-reef11_22J2HMLT3_TTCTCGTGCA-ATACACAGAG
1,30,mangrove_reef,12,1mangrove-reef12_22J2HMLT3_CACCTAGCAC-TGCTGGACAT
1,30,mangrove_reef,14,1mangrove-reef14_22J2HMLT3_TTAGGCTCAA-TCGAATGGAA
1,30,mangrove_reef,15,1mangrove-reef15_22J2HMLT3_AGCTGATGTC-TCATGTCCTG
1,30,reef_reef,21,1reef-reef21_22J2HMLT3_TCGACGCTAG-CCTCTTCGAA
1,30,reef_reef,22,1reef-reef22_22J2HMLT3_GCAACCAGTC-CACCGAGGAA
1,30,reef_reef,23,1reef-reef23_22J2HMLT3_ACTAATCTCC-CACTTAATCT
1,30,reef_reef,24,1reef-reef24_22J2HMLT3_CATTCACGCT-GTTGTACTCA
1,30,reef_reef,25,1reef-reef25_22J2HMLT3_CTGAATTAGT-AATTCGATCG
1,30,wild_mangrove,1,1wildmangrove1_22J2HMLT3_ACATGAGTGA-CCGCTTAGCT
1,30,wild_mangrove,2,1wildmangrove2_22J2HMLT3_CGAACGCACC-ATGACAGAAC
1,30,wild_mangrove,3,1wildmangrove3_22J2HMLT3_TGTGTTAGTA-TACTCTGTTA
1,30,wild_mangrove,4,1wildmangrove4_22J2HMLT3_CGGTCGGCAT-CTAGGCAAGG
1,30,wild_mangrove,5,1wildmangrove5_22J2HMLT3_TCTTACGCCG-ATTCATTGCA
1,30,wild_reef,1,1wildreef1_22J2HMLT3_TAGGTATGTT-CGAGACCAAG
1,30,wild_reef,2,1wildreef2_22J2HMLT3_CACCTCTCTT-CTCGACTCCT
1,30,wild_reef,4,1wildreef4_22J2HMLT3_ATACATCACA-TCTCCATTGA
1,30,wild_reef,5,1wildreef5_22J2HMLT3_GCTAGGAAGT-TCTCGGACGA
4,33,mangrove_reef,11,4mangrove-reef11_22J2HMLT3_ATTCGGTACA-AGTCCGAGGA
4,33,mangrove_reef,12,4mangrove-reef12_22J2HMLT3_GAGCTTGCCG-AGGTTGCAGG
4,33,mangrove_reef,13,4mangrove-reef13_22J2HMLT3_TAAGGAGGAA-TTCCGACATT
4,33,mangrove_reef,14,4mangrove-reef14_22J2HMLT3_GGCACTAAGG-TCAGGTCAAC
4,33,mangrove_reef,15,4mangrove-reef15_22J2HMLT3_GAGCGACGAT-CGTATAATCA
4,33,reef_reef,22,4reef-reef22_22J2HMLT3_ATTGAGGTCC-CGGATTATAT
4,33,reef_reef,23,4reef-reef23_22J2HMLT3_TAGTGGCTTG-AGTTACTTGG
4,33,reef_reef,24,4reef-reef24_22J2HMLT3_TTCACTCACT-TATCATGAGA
4,33,reef_reef,25,4reef-reef25_22J2HMLT3_GGTCCGCTTC-CTCACACAAG
4,33,wild_mangrove,1,4wildmangrove1_22J2HMLT3_ATGATTCCGG-CTCTGACGTG
4,33,wild_mangrove,2,4wildmangrove2_22J2HMLT3_TTCAAGTATG-GATGGTATCG
4,33,wild_mangrove,3,4wildmangrove3_22J2HMLT3_CACGGCTAGT-GGTGTACAAG
4,33,wild_mangrove,4,4wildmangrove4_22J2HMLT3_TTGAATCCAA-GTCACGGTGT
4,33,wild_mangrove,5,4wildmangrove5_22J2HMLT3_TGTAAGGTGG-AAGGCCTTGG
4,33,wild_reef,1,4wildreef1_22J2HMLT3_CCGCTCCGTT-TACGGCGAAG
4,33,wild_reef,2,4wildreef2_22J2HMLT3_AGGAGTCGAG-TTAGGCTTAC
4,33,wild_reef,3,4wildreef3_22J2HMLT3_AAGATACACG-TGTGCTAACA
4,33,wild_reef,4,4wildreef4_22J2HMLT3_AGCTAGCTTC-TAATACGGAG
4,33,wild_reef,5,4wildreef5_22J2HMLT3_TCGTGCATTC-GCGTTGGTAT
6,36,mangrove_reef,11,6mangrove-reef11_22J2HMLT3_CTCGTAGGCA-TCATCCTCTT
6,36,mangrove_reef,12,6mangrove-reef12_22J2HMLT3_AAGTTCTAGT-GGTAAGATAA
6,36,mangrove_reef,13,6mangrove-reef13_22J2HMLT3_ATATCTGCTT-TAGACAATCT
6,36,mangrove_reef,14,6mangrove-reef14_22J2HMLT3_TGGATCTGGC-CAATGCTGAA
6,36,mangrove_reef,15,6mangrove-reef15_22J2HMLT3_CCAAGAGGTG-AACGAGCCAG
6,36,reef_reef,22,6reef-reef22_22J2HMLT3_AGATAGTAGC-GGCACGCCAT
6,36,reef_reef,23,6reef-reef23_22J2HMLT3_ATTAGAAGAC-GCAGGCTGGA
6,36,reef_reef,24,6reef-reef24_22J2HMLT3_GCTCGCACAT-ATGGCTTAAT
6,36,reef_reef,25,6reef-reef25_22J2HMLT3_AATATTGCCA-CGGTGACACC
6,36,wild_mangrove,1,6wildmangrove1_22J2HMLT3_CAATCCTTGT-CGAAGACGCA
6,36,wild_mangrove,2,6wildmangrove2_22J2HMLT3_CAACTGCAAC-TGAACGCAAC
6,36,wild_mangrove,3,6wildmangrove3_22J2HMLT3_TTAAGACAAG-GGCTTAATTG
6,36,wild_mangrove,4,6wildmangrove4_22J2HMLT3_TTAATAGCAC-ACCACGTCTG
6,36,wild_mangrove,5,6wildmangrove5_22J2HMLT3_CAACGACCTA-GCGACTCGAT
6,36,wild_reef,1,6wildreef1_22J2HMLT3_GGAGAGACTC-TTGAAGCAGA
6,36,wild_reef,2,6wildreef2_22J2HMLT3_TGCAATGAAT-CCAGAAGTAA
6,36,wild_reef,3,6wildreef3_22J2HMLT3_GAAGACTAGA-ACTAGAACTT
6,36,wild_reef,4,6wildreef4_22J2HMLT3_CTATGAAGGA-CTTATACCTG
6,36,wild_reef,5,Trial2_22J2HMLT3_CACCTGTTGC-ATTGACACAT
6,36,reef_reef,21,Trial3_22J2HMLT3_CGTCACCTTG-CAGCCGATTG